sample_name,genome,sequencing_type,experiment,bsgenome,control_name,combined_sample_name,combined_output_sample,extension_length,normalize,output_sample,database_name,molng_requester,molng,fcid,index,nexus_barcodes,starting_file,starting_file_template_read1,fastq_copy_command_read1,starting_file_template_read2,fastq_copy_command_read2
orer_1to15_atac_4,dm6,paired,atac,BSgenome.Dmelanogaster.UCSC.dm6,,orer_1to15_atac_combined,orer_1to15_atac_combined,1000,,orer_1to15_atac_4,dme_native_orer_1to15_atac_4,sk2214,3251,HLY2JBGXJ,CGTACTAG-TATCCTCT,none,fastq/dm6/atac/orer_1to15_atac_4_1.fastq.gz,/n/analysis/Zeitlinger/sk2214/MOLNG-3251/HLY2JBGXJ/n_*_1_CGTACTAG-TATCCTCT.fastq.gz,cat /n/analysis/Zeitlinger/sk2214/MOLNG-3251/HLY2JBGXJ/n_*_1_CGTACTAG-TATCCTCT.fastq.gz > fastq/dm6/atac/orer_1to15_atac_4_1.fastq.gz,/n/analysis/Zeitlinger/sk2214/MOLNG-3251/HLY2JBGXJ/n_*_2_CGTACTAG-TATCCTCT.fastq.gz,cat /n/analysis/Zeitlinger/sk2214/MOLNG-3251/HLY2JBGXJ/n_*_2_CGTACTAG-TATCCTCT.fastq.gz > fastq/dm6/atac/orer_1to15_atac_4_2.fastq.gz
orer_1to15_atac_6,dm6,paired,atac,BSgenome.Dmelanogaster.UCSC.dm6,,orer_1to15_atac_combined,orer_1to15_atac_combined,1000,,orer_1to15_atac_6,dme_native_orer_1to15_atac_6,kb2009,3386,HHN2CBGXK,TAAGGCGA-TAGATCGC,none,fastq/dm6/atac/orer_1to15_atac_6_1.fastq.gz,/n/analysis/Zeitlinger/kb2009/MOLNG-3386/HHN2CBGXK/n_*_1_TAAGGCGA-TAGATCGC.fastq.gz,cat /n/analysis/Zeitlinger/kb2009/MOLNG-3386/HHN2CBGXK/n_*_1_TAAGGCGA-TAGATCGC.fastq.gz > fastq/dm6/atac/orer_1to15_atac_6_1.fastq.gz,/n/analysis/Zeitlinger/kb2009/MOLNG-3386/HHN2CBGXK/n_*_2_TAAGGCGA-TAGATCGC.fastq.gz,cat /n/analysis/Zeitlinger/kb2009/MOLNG-3386/HHN2CBGXK/n_*_2_TAAGGCGA-TAGATCGC.fastq.gz > fastq/dm6/atac/orer_1to15_atac_6_2.fastq.gz
orer_1to15_atac_7,dm6,paired,atac,BSgenome.Dmelanogaster.UCSC.dm6,,orer_1to15_atac_combined,orer_1to15_atac_combined,1000,,orer_1to15_atac_7,dme_native_orer_1to15_atac_7,kb2009,3387,HWLHFBGXK,TAAGGCGA-GCGTAAGA,none,fastq/dm6/atac/orer_1to15_atac_7_1.fastq.gz,/n/analysis/Zeitlinger/kb2009/MOLNG-3387/HWLHFBGXK/n_*_1_TAAGGCGA-GCGTAAGA.fastq.gz,cat /n/analysis/Zeitlinger/kb2009/MOLNG-3387/HWLHFBGXK/n_*_1_TAAGGCGA-GCGTAAGA.fastq.gz > fastq/dm6/atac/orer_1to15_atac_7_1.fastq.gz,/n/analysis/Zeitlinger/kb2009/MOLNG-3387/HWLHFBGXK/n_*_2_TAAGGCGA-GCGTAAGA.fastq.gz,cat /n/analysis/Zeitlinger/kb2009/MOLNG-3387/HWLHFBGXK/n_*_2_TAAGGCGA-GCGTAAGA.fastq.gz > fastq/dm6/atac/orer_1to15_atac_7_2.fastq.gz
orer_15to2_atac_4,dm6,paired,atac,BSgenome.Dmelanogaster.UCSC.dm6,,orer_15to2_atac_combined,orer_15to2_atac_combined,1000,,orer_15to2_atac_4,dme_native_orer_15to2_atac_4,sk2214,3251,HLY2JBGXJ,GGACTCCT-GTAAGGAG,none,fastq/dm6/atac/orer_15to2_atac_4_1.fastq.gz,/n/analysis/Zeitlinger/sk2214/MOLNG-3251/HLY2JBGXJ/n_*_1_GGACTCCT-GTAAGGAG.fastq.gz,cat /n/analysis/Zeitlinger/sk2214/MOLNG-3251/HLY2JBGXJ/n_*_1_GGACTCCT-GTAAGGAG.fastq.gz > fastq/dm6/atac/orer_15to2_atac_4_1.fastq.gz,/n/analysis/Zeitlinger/sk2214/MOLNG-3251/HLY2JBGXJ/n_*_2_GGACTCCT-GTAAGGAG.fastq.gz,cat /n/analysis/Zeitlinger/sk2214/MOLNG-3251/HLY2JBGXJ/n_*_2_GGACTCCT-GTAAGGAG.fastq.gz > fastq/dm6/atac/orer_15to2_atac_4_2.fastq.gz
orer_15to2_atac_6,dm6,paired,atac,BSgenome.Dmelanogaster.UCSC.dm6,,orer_15to2_atac_combined,orer_15to2_atac_combined,1000,,orer_15to2_atac_6,dme_native_orer_15to2_atac_6,kb2009,3386,HHN2CBGXK,CGTACTAG-TATCCTCT,none,fastq/dm6/atac/orer_15to2_atac_6_1.fastq.gz,/n/analysis/Zeitlinger/kb2009/MOLNG-3386/HHN2CBGXK/n_*_1_CGTACTAG-TATCCTCT.fastq.gz,cat /n/analysis/Zeitlinger/kb2009/MOLNG-3386/HHN2CBGXK/n_*_1_CGTACTAG-TATCCTCT.fastq.gz > fastq/dm6/atac/orer_15to2_atac_6_1.fastq.gz,/n/analysis/Zeitlinger/kb2009/MOLNG-3386/HHN2CBGXK/n_*_2_CGTACTAG-TATCCTCT.fastq.gz,cat /n/analysis/Zeitlinger/kb2009/MOLNG-3386/HHN2CBGXK/n_*_2_CGTACTAG-TATCCTCT.fastq.gz > fastq/dm6/atac/orer_15to2_atac_6_2.fastq.gz
orer_15to2_atac_7,dm6,paired,atac,BSgenome.Dmelanogaster.UCSC.dm6,,orer_15to2_atac_combined,orer_15to2_atac_combined,1000,,orer_15to2_atac_7,dme_native_orer_15to2_atac_7,kb2009,3387,HWLHFBGXK,CGTACTAG-ACTGCATA,none,fastq/dm6/atac/orer_15to2_atac_7_1.fastq.gz,/n/analysis/Zeitlinger/kb2009/MOLNG-3387/HWLHFBGXK/n_*_1_CGTACTAG-ACTGCATA.fastq.gz,cat /n/analysis/Zeitlinger/kb2009/MOLNG-3387/HWLHFBGXK/n_*_1_CGTACTAG-ACTGCATA.fastq.gz > fastq/dm6/atac/orer_15to2_atac_7_1.fastq.gz,/n/analysis/Zeitlinger/kb2009/MOLNG-3387/HWLHFBGXK/n_*_2_CGTACTAG-ACTGCATA.fastq.gz,cat /n/analysis/Zeitlinger/kb2009/MOLNG-3387/HWLHFBGXK/n_*_2_CGTACTAG-ACTGCATA.fastq.gz > fastq/dm6/atac/orer_15to2_atac_7_2.fastq.gz
orer_2to25_atac_4,dm6,paired,atac,BSgenome.Dmelanogaster.UCSC.dm6,,orer_2to25_atac_combined,orer_2to25_atac_combined,1000,,orer_2to25_atac_4,dme_native_orer_2to25_atac_4,sk2214,3251,HLY2JBGXJ,AAGAGGCA-ACTGCATA,none,fastq/dm6/atac/orer_2to25_atac_4_1.fastq.gz,/n/analysis/Zeitlinger/sk2214/MOLNG-3251/HLY2JBGXJ/n_*_1_AAGAGGCA-ACTGCATA.fastq.gz,cat /n/analysis/Zeitlinger/sk2214/MOLNG-3251/HLY2JBGXJ/n_*_1_AAGAGGCA-ACTGCATA.fastq.gz > fastq/dm6/atac/orer_2to25_atac_4_1.fastq.gz,/n/analysis/Zeitlinger/sk2214/MOLNG-3251/HLY2JBGXJ/n_*_2_AAGAGGCA-ACTGCATA.fastq.gz,cat /n/analysis/Zeitlinger/sk2214/MOLNG-3251/HLY2JBGXJ/n_*_2_AAGAGGCA-ACTGCATA.fastq.gz > fastq/dm6/atac/orer_2to25_atac_4_2.fastq.gz
orer_2to25_atac_6,dm6,paired,atac,BSgenome.Dmelanogaster.UCSC.dm6,,orer_2to25_atac_combined,orer_2to25_atac_combined,1000,,orer_2to25_atac_6,dme_native_orer_2to25_atac_6,kb2009,3386,HHN2CBGXK,AGGCAGAA-AGAGTAGA,none,fastq/dm6/atac/orer_2to25_atac_6_1.fastq.gz,/n/analysis/Zeitlinger/kb2009/MOLNG-3386/HHN2CBGXK/n_*_1_AGGCAGAA-AGAGTAGA.fastq.gz,cat /n/analysis/Zeitlinger/kb2009/MOLNG-3386/HHN2CBGXK/n_*_1_AGGCAGAA-AGAGTAGA.fastq.gz > fastq/dm6/atac/orer_2to25_atac_6_1.fastq.gz,/n/analysis/Zeitlinger/kb2009/MOLNG-3386/HHN2CBGXK/n_*_2_AGGCAGAA-AGAGTAGA.fastq.gz,cat /n/analysis/Zeitlinger/kb2009/MOLNG-3386/HHN2CBGXK/n_*_2_AGGCAGAA-AGAGTAGA.fastq.gz > fastq/dm6/atac/orer_2to25_atac_6_2.fastq.gz
orer_2to25_atac_7,dm6,paired,atac,BSgenome.Dmelanogaster.UCSC.dm6,,orer_2to25_atac_combined,orer_2to25_atac_combined,1000,,orer_2to25_atac_7,dme_native_orer_2to25_atac_7,kb2009,3387,HWLHFBGXK,AGGCAGAA-GTAAGGAG,none,fastq/dm6/atac/orer_2to25_atac_7_1.fastq.gz,/n/analysis/Zeitlinger/kb2009/MOLNG-3387/HWLHFBGXK/n_*_1_AGGCAGAA-GTAAGGAG.fastq.gz,cat /n/analysis/Zeitlinger/kb2009/MOLNG-3387/HWLHFBGXK/n_*_1_AGGCAGAA-GTAAGGAG.fastq.gz > fastq/dm6/atac/orer_2to25_atac_7_1.fastq.gz,/n/analysis/Zeitlinger/kb2009/MOLNG-3387/HWLHFBGXK/n_*_2_AGGCAGAA-GTAAGGAG.fastq.gz,cat /n/analysis/Zeitlinger/kb2009/MOLNG-3387/HWLHFBGXK/n_*_2_AGGCAGAA-GTAAGGAG.fastq.gz > fastq/dm6/atac/orer_2to25_atac_7_2.fastq.gz
orer_25to3_atac_4,dm6,paired,atac,BSgenome.Dmelanogaster.UCSC.dm6,,orer_25to3_atac_combined,orer_25to3_atac_combined,1000,,orer_25to3_atac_4,dme_native_orer_25to3_atac_4,sk2214,3251,HLY2JBGXJ,ACTCGCTA-GCGTAAGA,none,fastq/dm6/atac/orer_25to3_atac_4_1.fastq.gz,/n/analysis/Zeitlinger/sk2214/MOLNG-3251/HLY2JBGXJ/n_*_1_ACTCGCTA-GCGTAAGA.fastq.gz,cat /n/analysis/Zeitlinger/sk2214/MOLNG-3251/HLY2JBGXJ/n_*_1_ACTCGCTA-GCGTAAGA.fastq.gz > fastq/dm6/atac/orer_25to3_atac_4_1.fastq.gz,/n/analysis/Zeitlinger/sk2214/MOLNG-3251/HLY2JBGXJ/n_*_2_ACTCGCTA-GCGTAAGA.fastq.gz,cat /n/analysis/Zeitlinger/sk2214/MOLNG-3251/HLY2JBGXJ/n_*_2_ACTCGCTA-GCGTAAGA.fastq.gz > fastq/dm6/atac/orer_25to3_atac_4_2.fastq.gz
orer_25to3_atac_6,dm6,paired,atac,BSgenome.Dmelanogaster.UCSC.dm6,,orer_25to3_atac_combined,orer_25to3_atac_combined,1000,,orer_25to3_atac_6,dme_native_orer_25to3_atac_6,kb2009,3386,HHN2CBGXK,GGACTCCT-GTAAGGAG,none,fastq/dm6/atac/orer_25to3_atac_6_1.fastq.gz,/n/analysis/Zeitlinger/kb2009/MOLNG-3386/HHN2CBGXK/n_*_1_GGACTCCT-GTAAGGAG.fastq.gz,cat /n/analysis/Zeitlinger/kb2009/MOLNG-3386/HHN2CBGXK/n_*_1_GGACTCCT-GTAAGGAG.fastq.gz > fastq/dm6/atac/orer_25to3_atac_6_1.fastq.gz,/n/analysis/Zeitlinger/kb2009/MOLNG-3386/HHN2CBGXK/n_*_2_GGACTCCT-GTAAGGAG.fastq.gz,cat /n/analysis/Zeitlinger/kb2009/MOLNG-3386/HHN2CBGXK/n_*_2_GGACTCCT-GTAAGGAG.fastq.gz > fastq/dm6/atac/orer_25to3_atac_6_2.fastq.gz
orer_25to3_atac_7,dm6,paired,atac,BSgenome.Dmelanogaster.UCSC.dm6,,orer_25to3_atac_combined,orer_25to3_atac_combined,1000,,orer_25to3_atac_7,dme_native_orer_25to3_atac_7,kb2009,3387,HWLHFBGXK,GGACTCCT-AGAGTAGA,none,fastq/dm6/atac/orer_25to3_atac_7_1.fastq.gz,/n/analysis/Zeitlinger/kb2009/MOLNG-3387/HWLHFBGXK/n_*_1_GGACTCCT-AGAGTAGA.fastq.gz,cat /n/analysis/Zeitlinger/kb2009/MOLNG-3387/HWLHFBGXK/n_*_1_GGACTCCT-AGAGTAGA.fastq.gz > fastq/dm6/atac/orer_25to3_atac_7_1.fastq.gz,/n/analysis/Zeitlinger/kb2009/MOLNG-3387/HWLHFBGXK/n_*_2_GGACTCCT-AGAGTAGA.fastq.gz,cat /n/analysis/Zeitlinger/kb2009/MOLNG-3387/HWLHFBGXK/n_*_2_GGACTCCT-AGAGTAGA.fastq.gz > fastq/dm6/atac/orer_25to3_atac_7_2.fastq.gz
gd7_1to15_atac_3,dm6,paired,atac,BSgenome.Dmelanogaster.UCSC.dm6,,gd7_1to15_atac_combined,gd7_1to15_atac_combined,1000,,gd7_1to15_atac_3,dme_native_gd7_1to15_atac_3_redo,kb2009,3300,HKHLMBGXK,TAGGCATG-ACTGCATA,none,fastq/dm6/atac/gd7_1to15_atac_3_1.fastq.gz,/n/analysis/Zeitlinger/kb2009/MOLNG-3300/HKHLMBGXK/n_*_1_TAGGCATG-ACTGCATA.fastq.gz,cat /n/analysis/Zeitlinger/kb2009/MOLNG-3300/HKHLMBGXK/n_*_1_TAGGCATG-ACTGCATA.fastq.gz > fastq/dm6/atac/gd7_1to15_atac_3_1.fastq.gz,/n/analysis/Zeitlinger/kb2009/MOLNG-3300/HKHLMBGXK/n_*_2_TAGGCATG-ACTGCATA.fastq.gz,cat /n/analysis/Zeitlinger/kb2009/MOLNG-3300/HKHLMBGXK/n_*_2_TAGGCATG-ACTGCATA.fastq.gz > fastq/dm6/atac/gd7_1to15_atac_3_2.fastq.gz
gd7_1to15_atac_5,dm6,paired,atac,BSgenome.Dmelanogaster.UCSC.dm6,,gd7_1to15_atac_combined,gd7_1to15_atac_combined,1000,,gd7_1to15_atac_5,dme_native_gd7_1to15_atac_5,kb2009,3386,HHN2CBGXK,TAGGCATG-ACTGCATA,none,fastq/dm6/atac/gd7_1to15_atac_5_1.fastq.gz,/n/analysis/Zeitlinger/kb2009/MOLNG-3386/HHN2CBGXK/n_*_1_TAGGCATG-ACTGCATA.fastq.gz,cat /n/analysis/Zeitlinger/kb2009/MOLNG-3386/HHN2CBGXK/n_*_1_TAGGCATG-ACTGCATA.fastq.gz > fastq/dm6/atac/gd7_1to15_atac_5_1.fastq.gz,/n/analysis/Zeitlinger/kb2009/MOLNG-3386/HHN2CBGXK/n_*_2_TAGGCATG-ACTGCATA.fastq.gz,cat /n/analysis/Zeitlinger/kb2009/MOLNG-3386/HHN2CBGXK/n_*_2_TAGGCATG-ACTGCATA.fastq.gz > fastq/dm6/atac/gd7_1to15_atac_5_2.fastq.gz
gd7_1to15_atac_6,dm6,paired,atac,BSgenome.Dmelanogaster.UCSC.dm6,,gd7_1to15_atac_combined,gd7_1to15_atac_combined,1000,,gd7_1to15_atac_6,dme_native_gd7_1to15_atac_6,kb2009,3387,HWLHFBGXK,TAGGCATG-TATCCTCT,none,fastq/dm6/atac/gd7_1to15_atac_6_1.fastq.gz,/n/analysis/Zeitlinger/kb2009/MOLNG-3387/HWLHFBGXK/n_*_1_TAGGCATG-TATCCTCT.fastq.gz,cat /n/analysis/Zeitlinger/kb2009/MOLNG-3387/HWLHFBGXK/n_*_1_TAGGCATG-TATCCTCT.fastq.gz > fastq/dm6/atac/gd7_1to15_atac_6_1.fastq.gz,/n/analysis/Zeitlinger/kb2009/MOLNG-3387/HWLHFBGXK/n_*_2_TAGGCATG-TATCCTCT.fastq.gz,cat /n/analysis/Zeitlinger/kb2009/MOLNG-3387/HWLHFBGXK/n_*_2_TAGGCATG-TATCCTCT.fastq.gz > fastq/dm6/atac/gd7_1to15_atac_6_2.fastq.gz
gd7_15to2_atac_3,dm6,paired,atac,BSgenome.Dmelanogaster.UCSC.dm6,,gd7_15to2_atac_combined,gd7_15to2_atac_combined,1000,,gd7_15to2_atac_3,dme_native_gd7_15to2_atac_3_redo,kb2009,3300,HKHLMBGXK,GGACTCCT-GCGTAAGA,none,fastq/dm6/atac/gd7_15to2_atac_3_1.fastq.gz,/n/analysis/Zeitlinger/kb2009/MOLNG-3300/HKHLMBGXK/n_*_1_GGACTCCT-GCGTAAGA.fastq.gz,cat /n/analysis/Zeitlinger/kb2009/MOLNG-3300/HKHLMBGXK/n_*_1_GGACTCCT-GCGTAAGA.fastq.gz > fastq/dm6/atac/gd7_15to2_atac_3_1.fastq.gz,/n/analysis/Zeitlinger/kb2009/MOLNG-3300/HKHLMBGXK/n_*_2_GGACTCCT-GCGTAAGA.fastq.gz,cat /n/analysis/Zeitlinger/kb2009/MOLNG-3300/HKHLMBGXK/n_*_2_GGACTCCT-GCGTAAGA.fastq.gz > fastq/dm6/atac/gd7_15to2_atac_3_2.fastq.gz
gd7_15to2_atac_5,dm6,paired,atac,BSgenome.Dmelanogaster.UCSC.dm6,,gd7_15to2_atac_combined,gd7_15to2_atac_combined,1000,,gd7_15to2_atac_5,dme_native_gd7_15to2_atac_5,kb2009,3386,HHN2CBGXK,AAGAGGCA-GCGTAAGA,none,fastq/dm6/atac/gd7_15to2_atac_5_1.fastq.gz,/n/analysis/Zeitlinger/kb2009/MOLNG-3386/HHN2CBGXK/n_*_1_AAGAGGCA-GCGTAAGA.fastq.gz,cat /n/analysis/Zeitlinger/kb2009/MOLNG-3386/HHN2CBGXK/n_*_1_AAGAGGCA-GCGTAAGA.fastq.gz > fastq/dm6/atac/gd7_15to2_atac_5_1.fastq.gz,/n/analysis/Zeitlinger/kb2009/MOLNG-3386/HHN2CBGXK/n_*_2_AAGAGGCA-GCGTAAGA.fastq.gz,cat /n/analysis/Zeitlinger/kb2009/MOLNG-3386/HHN2CBGXK/n_*_2_AAGAGGCA-GCGTAAGA.fastq.gz > fastq/dm6/atac/gd7_15to2_atac_5_2.fastq.gz
gd7_15to2_atac_6,dm6,paired,atac,BSgenome.Dmelanogaster.UCSC.dm6,,gd7_15to2_atac_combined,gd7_15to2_atac_combined,1000,,gd7_15to2_atac_6,dme_native_gd7_15to2_atac_6,kb2009,3387,HWLHFBGXK,AAGAGGCA-TAGATCGC,none,fastq/dm6/atac/gd7_15to2_atac_6_1.fastq.gz,/n/analysis/Zeitlinger/kb2009/MOLNG-3387/HWLHFBGXK/n_*_1_AAGAGGCA-TAGATCGC.fastq.gz,cat /n/analysis/Zeitlinger/kb2009/MOLNG-3387/HWLHFBGXK/n_*_1_AAGAGGCA-TAGATCGC.fastq.gz > fastq/dm6/atac/gd7_15to2_atac_6_1.fastq.gz,/n/analysis/Zeitlinger/kb2009/MOLNG-3387/HWLHFBGXK/n_*_2_AAGAGGCA-TAGATCGC.fastq.gz,cat /n/analysis/Zeitlinger/kb2009/MOLNG-3387/HWLHFBGXK/n_*_2_AAGAGGCA-TAGATCGC.fastq.gz > fastq/dm6/atac/gd7_15to2_atac_6_2.fastq.gz
gd7_2to25_atac_3,dm6,paired,atac,BSgenome.Dmelanogaster.UCSC.dm6,,gd7_2to25_atac_combined,gd7_2to25_atac_combined,1000,,gd7_2to25_atac_3,dme_native_gd7_2to25_atac_3_redo,kb2009,3300,HKHLMBGXK,AGGCAGAA-TAGATCGC,none,fastq/dm6/atac/gd7_2to25_atac_3_1.fastq.gz,/n/analysis/Zeitlinger/kb2009/MOLNG-3300/HKHLMBGXK/n_*_1_AGGCAGAA-TAGATCGC.fastq.gz,cat /n/analysis/Zeitlinger/kb2009/MOLNG-3300/HKHLMBGXK/n_*_1_AGGCAGAA-TAGATCGC.fastq.gz > fastq/dm6/atac/gd7_2to25_atac_3_1.fastq.gz,/n/analysis/Zeitlinger/kb2009/MOLNG-3300/HKHLMBGXK/n_*_2_AGGCAGAA-TAGATCGC.fastq.gz,cat /n/analysis/Zeitlinger/kb2009/MOLNG-3300/HKHLMBGXK/n_*_2_AGGCAGAA-TAGATCGC.fastq.gz > fastq/dm6/atac/gd7_2to25_atac_3_2.fastq.gz
gd7_2to25_atac_5,dm6,paired,atac,BSgenome.Dmelanogaster.UCSC.dm6,,gd7_2to25_atac_combined,gd7_2to25_atac_combined,1000,,gd7_2to25_atac_5,dme_native_gd7_2to25_atac_5,kb2009,3386,HHN2CBGXK,ATCTCAGG-TAGATCGC,none,fastq/dm6/atac/gd7_2to25_atac_5_1.fastq.gz,/n/analysis/Zeitlinger/kb2009/MOLNG-3386/HHN2CBGXK/n_*_1_ATCTCAGG-TAGATCGC.fastq.gz,cat /n/analysis/Zeitlinger/kb2009/MOLNG-3386/HHN2CBGXK/n_*_1_ATCTCAGG-TAGATCGC.fastq.gz > fastq/dm6/atac/gd7_2to25_atac_5_1.fastq.gz,/n/analysis/Zeitlinger/kb2009/MOLNG-3386/HHN2CBGXK/n_*_2_ATCTCAGG-TAGATCGC.fastq.gz,cat /n/analysis/Zeitlinger/kb2009/MOLNG-3386/HHN2CBGXK/n_*_2_ATCTCAGG-TAGATCGC.fastq.gz > fastq/dm6/atac/gd7_2to25_atac_5_2.fastq.gz
gd7_2to25_atac_6,dm6,paired,atac,BSgenome.Dmelanogaster.UCSC.dm6,,gd7_2to25_atac_combined,gd7_2to25_atac_combined,1000,,gd7_2to25_atac_6,dme_native_gd7_2to25_atac_6,kb2009,3387,HWLHFBGXK,ATCTCAGG-GCGTAAGA,none,fastq/dm6/atac/gd7_2to25_atac_6_1.fastq.gz,/n/analysis/Zeitlinger/kb2009/MOLNG-3387/HWLHFBGXK/n_*_1_ATCTCAGG-GCGTAAGA.fastq.gz,cat /n/analysis/Zeitlinger/kb2009/MOLNG-3387/HWLHFBGXK/n_*_1_ATCTCAGG-GCGTAAGA.fastq.gz > fastq/dm6/atac/gd7_2to25_atac_6_1.fastq.gz,/n/analysis/Zeitlinger/kb2009/MOLNG-3387/HWLHFBGXK/n_*_2_ATCTCAGG-GCGTAAGA.fastq.gz,cat /n/analysis/Zeitlinger/kb2009/MOLNG-3387/HWLHFBGXK/n_*_2_ATCTCAGG-GCGTAAGA.fastq.gz > fastq/dm6/atac/gd7_2to25_atac_6_2.fastq.gz
gd7_25to3_atac_3,dm6,paired,atac,BSgenome.Dmelanogaster.UCSC.dm6,,gd7_25to3_atac_combined,gd7_25to3_atac_combined,1000,,gd7_25to3_atac_3,dme_native_gd7_25to3_atac_3_redo,kb2009,3300,HKHLMBGXK,CGTACTAG-GCGTAAGA,none,fastq/dm6/atac/gd7_25to3_atac_3_1.fastq.gz,/n/analysis/Zeitlinger/kb2009/MOLNG-3300/HKHLMBGXK/n_*_1_CGTACTAG-GCGTAAGA.fastq.gz,cat /n/analysis/Zeitlinger/kb2009/MOLNG-3300/HKHLMBGXK/n_*_1_CGTACTAG-GCGTAAGA.fastq.gz > fastq/dm6/atac/gd7_25to3_atac_3_1.fastq.gz,/n/analysis/Zeitlinger/kb2009/MOLNG-3300/HKHLMBGXK/n_*_2_CGTACTAG-GCGTAAGA.fastq.gz,cat /n/analysis/Zeitlinger/kb2009/MOLNG-3300/HKHLMBGXK/n_*_2_CGTACTAG-GCGTAAGA.fastq.gz > fastq/dm6/atac/gd7_25to3_atac_3_2.fastq.gz
gd7_25to3_atac_5,dm6,paired,atac,BSgenome.Dmelanogaster.UCSC.dm6,,gd7_25to3_atac_combined,gd7_25to3_atac_combined,1000,,gd7_25to3_atac_5,dme_native_gd7_25to3_atac_5,kb2009,3386,HHN2CBGXK,ACTCGCTA-TATCCTCT,none,fastq/dm6/atac/gd7_25to3_atac_5_1.fastq.gz,/n/analysis/Zeitlinger/kb2009/MOLNG-3386/HHN2CBGXK/n_*_1_ACTCGCTA-TATCCTCT.fastq.gz,cat /n/analysis/Zeitlinger/kb2009/MOLNG-3386/HHN2CBGXK/n_*_1_ACTCGCTA-TATCCTCT.fastq.gz > fastq/dm6/atac/gd7_25to3_atac_5_1.fastq.gz,/n/analysis/Zeitlinger/kb2009/MOLNG-3386/HHN2CBGXK/n_*_2_ACTCGCTA-TATCCTCT.fastq.gz,cat /n/analysis/Zeitlinger/kb2009/MOLNG-3386/HHN2CBGXK/n_*_2_ACTCGCTA-TATCCTCT.fastq.gz > fastq/dm6/atac/gd7_25to3_atac_5_2.fastq.gz
gd7_25to3_atac_6,dm6,paired,atac,BSgenome.Dmelanogaster.UCSC.dm6,,gd7_25to3_atac_combined,gd7_25to3_atac_combined,1000,,gd7_25to3_atac_6,dme_native_gd7_25to3_atac_6,kb2009,3387,HWLHFBGXK,ACTCGCTA-ACTGCATA,none,fastq/dm6/atac/gd7_25to3_atac_6_1.fastq.gz,/n/analysis/Zeitlinger/kb2009/MOLNG-3387/HWLHFBGXK/n_*_1_ACTCGCTA-ACTGCATA.fastq.gz,cat /n/analysis/Zeitlinger/kb2009/MOLNG-3387/HWLHFBGXK/n_*_1_ACTCGCTA-ACTGCATA.fastq.gz > fastq/dm6/atac/gd7_25to3_atac_6_1.fastq.gz,/n/analysis/Zeitlinger/kb2009/MOLNG-3387/HWLHFBGXK/n_*_2_ACTCGCTA-ACTGCATA.fastq.gz,cat /n/analysis/Zeitlinger/kb2009/MOLNG-3387/HWLHFBGXK/n_*_2_ACTCGCTA-ACTGCATA.fastq.gz > fastq/dm6/atac/gd7_25to3_atac_6_2.fastq.gz
zldrnai_1to15_atac_1,dm6,paired,atac,BSgenome.Dmelanogaster.UCSC.dm6,,zldrnai_1to15_atac_combined,zldrnai_1to15_atac_combined,1000,,zldrnai_1to15_atac_1,dme_native_zldrnai_1to15_atac_1,kb2009,3397,HFWK5BGXL,TAAGGCGA-TAGATCGC,none,fastq/dm6/atac/zldrnai_1to15_atac_1_1.fastq.gz,/n/analysis/Zeitlinger/kb2009/MOLNG-3397/HFWK5BGXL/n_*_1_TAAGGCGA-TAGATCGC.fastq.gz,cat /n/analysis/Zeitlinger/kb2009/MOLNG-3397/HFWK5BGXL/n_*_1_TAAGGCGA-TAGATCGC.fastq.gz > fastq/dm6/atac/zldrnai_1to15_atac_1_1.fastq.gz,/n/analysis/Zeitlinger/kb2009/MOLNG-3397/HFWK5BGXL/n_*_2_TAAGGCGA-TAGATCGC.fastq.gz,cat /n/analysis/Zeitlinger/kb2009/MOLNG-3397/HFWK5BGXL/n_*_2_TAAGGCGA-TAGATCGC.fastq.gz > fastq/dm6/atac/zldrnai_1to15_atac_1_2.fastq.gz
zldrnai_15to2_atac_1,dm6,paired,atac,BSgenome.Dmelanogaster.UCSC.dm6,,zldrnai_15to2_atac_combined,zldrnai_15to2_atac_combined,1000,,zldrnai_15to2_atac_1,dme_native_zldrnai_15to2_atac_1,kb2009,3397,HFWK5BGXL,CGTACTAG-TATCCTCT,none,fastq/dm6/atac/zldrnai_15to2_atac_1_1.fastq.gz,/n/analysis/Zeitlinger/kb2009/MOLNG-3397/HFWK5BGXL/n_*_1_CGTACTAG-TATCCTCT.fastq.gz,cat /n/analysis/Zeitlinger/kb2009/MOLNG-3397/HFWK5BGXL/n_*_1_CGTACTAG-TATCCTCT.fastq.gz > fastq/dm6/atac/zldrnai_15to2_atac_1_1.fastq.gz,/n/analysis/Zeitlinger/kb2009/MOLNG-3397/HFWK5BGXL/n_*_2_CGTACTAG-TATCCTCT.fastq.gz,cat /n/analysis/Zeitlinger/kb2009/MOLNG-3397/HFWK5BGXL/n_*_2_CGTACTAG-TATCCTCT.fastq.gz > fastq/dm6/atac/zldrnai_15to2_atac_1_2.fastq.gz
zldrnai_2to25_atac_1,dm6,paired,atac,BSgenome.Dmelanogaster.UCSC.dm6,,zldrnai_2to25_atac_combined,zldrnai_2to25_atac_combined,1000,,zldrnai_2to25_atac_1,dme_native_zldrnai_2to25_atac_1,kb2009,3397,HFWK5BGXL,AGGCAGAA-AGAGTAGA,none,fastq/dm6/atac/zldrnai_2to25_atac_1_1.fastq.gz,/n/analysis/Zeitlinger/kb2009/MOLNG-3397/HFWK5BGXL/n_*_1_AGGCAGAA-AGAGTAGA.fastq.gz,cat /n/analysis/Zeitlinger/kb2009/MOLNG-3397/HFWK5BGXL/n_*_1_AGGCAGAA-AGAGTAGA.fastq.gz > fastq/dm6/atac/zldrnai_2to25_atac_1_1.fastq.gz,/n/analysis/Zeitlinger/kb2009/MOLNG-3397/HFWK5BGXL/n_*_2_AGGCAGAA-AGAGTAGA.fastq.gz,cat /n/analysis/Zeitlinger/kb2009/MOLNG-3397/HFWK5BGXL/n_*_2_AGGCAGAA-AGAGTAGA.fastq.gz > fastq/dm6/atac/zldrnai_2to25_atac_1_2.fastq.gz
zldrnai_25to3_atac_1,dm6,paired,atac,BSgenome.Dmelanogaster.UCSC.dm6,,zldrnai_25to3_atac_combined,zldrnai_25to3_atac_combined,1000,,zldrnai_25to3_atac_1,dme_native_zldrnai_25to3_atac_1,kb2009,3397,HFWK5BGXL,GGACTCCT-GTAAGGAG,none,fastq/dm6/atac/zldrnai_25to3_atac_1_1.fastq.gz,/n/analysis/Zeitlinger/kb2009/MOLNG-3397/HFWK5BGXL/n_*_1_GGACTCCT-GTAAGGAG.fastq.gz,cat /n/analysis/Zeitlinger/kb2009/MOLNG-3397/HFWK5BGXL/n_*_1_GGACTCCT-GTAAGGAG.fastq.gz > fastq/dm6/atac/zldrnai_25to3_atac_1_1.fastq.gz,/n/analysis/Zeitlinger/kb2009/MOLNG-3397/HFWK5BGXL/n_*_2_GGACTCCT-GTAAGGAG.fastq.gz,cat /n/analysis/Zeitlinger/kb2009/MOLNG-3397/HFWK5BGXL/n_*_2_GGACTCCT-GTAAGGAG.fastq.gz > fastq/dm6/atac/zldrnai_25to3_atac_1_2.fastq.gz
zldrnai_1to15_atac_2,dm6,paired,atac,BSgenome.Dmelanogaster.UCSC.dm6,,zldrnai_1to15_atac_combined,zldrnai_1to15_atac_combined,1000,,zldrnai_1to15_atac_2,dme_native_zldrnai_1to15_atac_2,kb2009,3397,HFWK5BGXL,TAGGCATG-ACTGCATA,none,fastq/dm6/atac/zldrnai_1to15_atac_2_1.fastq.gz,/n/analysis/Zeitlinger/kb2009/MOLNG-3397/HFWK5BGXL/n_*_1_TAGGCATG-ACTGCATA.fastq.gz,cat /n/analysis/Zeitlinger/kb2009/MOLNG-3397/HFWK5BGXL/n_*_1_TAGGCATG-ACTGCATA.fastq.gz > fastq/dm6/atac/zldrnai_1to15_atac_2_1.fastq.gz,/n/analysis/Zeitlinger/kb2009/MOLNG-3397/HFWK5BGXL/n_*_2_TAGGCATG-ACTGCATA.fastq.gz,cat /n/analysis/Zeitlinger/kb2009/MOLNG-3397/HFWK5BGXL/n_*_2_TAGGCATG-ACTGCATA.fastq.gz > fastq/dm6/atac/zldrnai_1to15_atac_2_2.fastq.gz
zldrnai_15to2_atac_2,dm6,paired,atac,BSgenome.Dmelanogaster.UCSC.dm6,,zldrnai_15to2_atac_combined,zldrnai_15to2_atac_combined,1000,,zldrnai_15to2_atac_2,dme_native_zldrnai_15to2_atac_2,kb2009,3397,HFWK5BGXL,AAGAGGCA-GCGTAAGA,none,fastq/dm6/atac/zldrnai_15to2_atac_2_1.fastq.gz,/n/analysis/Zeitlinger/kb2009/MOLNG-3397/HFWK5BGXL/n_*_1_AAGAGGCA-GCGTAAGA.fastq.gz,cat /n/analysis/Zeitlinger/kb2009/MOLNG-3397/HFWK5BGXL/n_*_1_AAGAGGCA-GCGTAAGA.fastq.gz > fastq/dm6/atac/zldrnai_15to2_atac_2_1.fastq.gz,/n/analysis/Zeitlinger/kb2009/MOLNG-3397/HFWK5BGXL/n_*_2_AAGAGGCA-GCGTAAGA.fastq.gz,cat /n/analysis/Zeitlinger/kb2009/MOLNG-3397/HFWK5BGXL/n_*_2_AAGAGGCA-GCGTAAGA.fastq.gz > fastq/dm6/atac/zldrnai_15to2_atac_2_2.fastq.gz
zldrnai_2to25_atac_2,dm6,paired,atac,BSgenome.Dmelanogaster.UCSC.dm6,,zldrnai_2to25_atac_combined,zldrnai_2to25_atac_combined,1000,,zldrnai_2to25_atac_2,dme_native_zldrnai_2to25_atac_2,kb2009,3397,HFWK5BGXL,ATCTCAGG-TAGATCGC,none,fastq/dm6/atac/zldrnai_2to25_atac_2_1.fastq.gz,/n/analysis/Zeitlinger/kb2009/MOLNG-3397/HFWK5BGXL/n_*_1_ATCTCAGG-TAGATCGC.fastq.gz,cat /n/analysis/Zeitlinger/kb2009/MOLNG-3397/HFWK5BGXL/n_*_1_ATCTCAGG-TAGATCGC.fastq.gz > fastq/dm6/atac/zldrnai_2to25_atac_2_1.fastq.gz,/n/analysis/Zeitlinger/kb2009/MOLNG-3397/HFWK5BGXL/n_*_2_ATCTCAGG-TAGATCGC.fastq.gz,cat /n/analysis/Zeitlinger/kb2009/MOLNG-3397/HFWK5BGXL/n_*_2_ATCTCAGG-TAGATCGC.fastq.gz > fastq/dm6/atac/zldrnai_2to25_atac_2_2.fastq.gz
zldrnai_25to3_atac_2,dm6,paired,atac,BSgenome.Dmelanogaster.UCSC.dm6,,zldrnai_25to3_atac_combined,zldrnai_25to3_atac_combined,1000,,zldrnai_25to3_atac_2,dme_native_zldrnai_25to3_atac_2,kb2009,3397,HFWK5BGXL,ACTCGCTA-TATCCTCT,none,fastq/dm6/atac/zldrnai_25to3_atac_2_1.fastq.gz,/n/analysis/Zeitlinger/kb2009/MOLNG-3397/HFWK5BGXL/n_*_1_ACTCGCTA-TATCCTCT.fastq.gz,cat /n/analysis/Zeitlinger/kb2009/MOLNG-3397/HFWK5BGXL/n_*_1_ACTCGCTA-TATCCTCT.fastq.gz > fastq/dm6/atac/zldrnai_25to3_atac_2_1.fastq.gz,/n/analysis/Zeitlinger/kb2009/MOLNG-3397/HFWK5BGXL/n_*_2_ACTCGCTA-TATCCTCT.fastq.gz,cat /n/analysis/Zeitlinger/kb2009/MOLNG-3397/HFWK5BGXL/n_*_2_ACTCGCTA-TATCCTCT.fastq.gz > fastq/dm6/atac/zldrnai_25to3_atac_2_2.fastq.gz
zldrnai_1to15_atac_3,dm6,paired,atac,BSgenome.Dmelanogaster.UCSC.dm6,,zldrnai_1to15_atac_combined,zldrnai_1to15_atac_combined,1000,,zldrnai_1to15_atac_3,dme_native_zldrnai_1to15_atac_3,kb2009,3420,HLFG2BGXL,TAAGGCGA-TAGATCGC,none,fastq/dm6/atac/zldrnai_1to15_atac_3_1.fastq.gz,/n/analysis/Zeitlinger/kb2009/MOLNG-3420/HLFG2BGXL/n_*_1_TAAGGCGA-TAGATCGC.fastq.gz,cat /n/analysis/Zeitlinger/kb2009/MOLNG-3420/HLFG2BGXL/n_*_1_TAAGGCGA-TAGATCGC.fastq.gz > fastq/dm6/atac/zldrnai_1to15_atac_3_1.fastq.gz,/n/analysis/Zeitlinger/kb2009/MOLNG-3420/HLFG2BGXL/n_*_2_TAAGGCGA-TAGATCGC.fastq.gz,cat /n/analysis/Zeitlinger/kb2009/MOLNG-3420/HLFG2BGXL/n_*_2_TAAGGCGA-TAGATCGC.fastq.gz > fastq/dm6/atac/zldrnai_1to15_atac_3_2.fastq.gz
zldrnai_15to2_atac_3,dm6,paired,atac,BSgenome.Dmelanogaster.UCSC.dm6,,zldrnai_15to2_atac_combined,zldrnai_15to2_atac_combined,1000,,zldrnai_15to2_atac_3,dme_native_zldrnai_15to2_atac_3,kb2009,3420,HLFG2BGXL,CGTACTAG-TATCCTCT,none,fastq/dm6/atac/zldrnai_15to2_atac_3_1.fastq.gz,/n/analysis/Zeitlinger/kb2009/MOLNG-3420/HLFG2BGXL/n_*_1_CGTACTAG-TATCCTCT.fastq.gz,cat /n/analysis/Zeitlinger/kb2009/MOLNG-3420/HLFG2BGXL/n_*_1_CGTACTAG-TATCCTCT.fastq.gz > fastq/dm6/atac/zldrnai_15to2_atac_3_1.fastq.gz,/n/analysis/Zeitlinger/kb2009/MOLNG-3420/HLFG2BGXL/n_*_2_CGTACTAG-TATCCTCT.fastq.gz,cat /n/analysis/Zeitlinger/kb2009/MOLNG-3420/HLFG2BGXL/n_*_2_CGTACTAG-TATCCTCT.fastq.gz > fastq/dm6/atac/zldrnai_15to2_atac_3_2.fastq.gz
zldrnai_2to25_atac_3,dm6,paired,atac,BSgenome.Dmelanogaster.UCSC.dm6,,zldrnai_2to25_atac_combined,zldrnai_2to25_atac_combined,1000,,zldrnai_2to25_atac_3,dme_native_zldrnai_2to25_atac_3,kb2009,3420,HLFG2BGXL,AGGCAGAA-AGAGTAGA,none,fastq/dm6/atac/zldrnai_2to25_atac_3_1.fastq.gz,/n/analysis/Zeitlinger/kb2009/MOLNG-3420/HLFG2BGXL/n_*_1_AGGCAGAA-AGAGTAGA.fastq.gz,cat /n/analysis/Zeitlinger/kb2009/MOLNG-3420/HLFG2BGXL/n_*_1_AGGCAGAA-AGAGTAGA.fastq.gz > fastq/dm6/atac/zldrnai_2to25_atac_3_1.fastq.gz,/n/analysis/Zeitlinger/kb2009/MOLNG-3420/HLFG2BGXL/n_*_2_AGGCAGAA-AGAGTAGA.fastq.gz,cat /n/analysis/Zeitlinger/kb2009/MOLNG-3420/HLFG2BGXL/n_*_2_AGGCAGAA-AGAGTAGA.fastq.gz > fastq/dm6/atac/zldrnai_2to25_atac_3_2.fastq.gz
zldrnai_25to3_atac_3,dm6,paired,atac,BSgenome.Dmelanogaster.UCSC.dm6,,zldrnai_25to3_atac_combined,zldrnai_25to3_atac_combined,1000,,zldrnai_25to3_atac_3,dme_native_zldrnai_25to3_atac_3,kb2009,3420,HLFG2BGXL,GGACTCCT-GTAAGGAG,none,fastq/dm6/atac/zldrnai_25to3_atac_3_1.fastq.gz,/n/analysis/Zeitlinger/kb2009/MOLNG-3420/HLFG2BGXL/n_*_1_GGACTCCT-GTAAGGAG.fastq.gz,cat /n/analysis/Zeitlinger/kb2009/MOLNG-3420/HLFG2BGXL/n_*_1_GGACTCCT-GTAAGGAG.fastq.gz > fastq/dm6/atac/zldrnai_25to3_atac_3_1.fastq.gz,/n/analysis/Zeitlinger/kb2009/MOLNG-3420/HLFG2BGXL/n_*_2_GGACTCCT-GTAAGGAG.fastq.gz,cat /n/analysis/Zeitlinger/kb2009/MOLNG-3420/HLFG2BGXL/n_*_2_GGACTCCT-GTAAGGAG.fastq.gz > fastq/dm6/atac/zldrnai_25to3_atac_3_2.fastq.gz
cic6_2to25_atac_1,dm6,paired,atac,BSgenome.Dmelanogaster.UCSC.dm6,,cic6_2to25_atac_combined,cic6_2to25_atac_combined,1000,,cic6_2to25_atac_1,dme_native_cic6_2to25_atac_1,kb2009,3452,HGHLFAFX3,TAAGGCGA-TAGATCGC,none,fastq/dm6/atac/cic6_2to25_atac_1_1.fastq.gz,/n/analysis/Zeitlinger/kb2009/MOLNG-3452/HGHLFAFX3/n_*_1_TAAGGCGA-TAGATCGC.fastq.gz,cat /n/analysis/Zeitlinger/kb2009/MOLNG-3452/HGHLFAFX3/n_*_1_TAAGGCGA-TAGATCGC.fastq.gz > fastq/dm6/atac/cic6_2to25_atac_1_1.fastq.gz,/n/analysis/Zeitlinger/kb2009/MOLNG-3452/HGHLFAFX3/n_*_2_TAAGGCGA-TAGATCGC.fastq.gz,cat /n/analysis/Zeitlinger/kb2009/MOLNG-3452/HGHLFAFX3/n_*_2_TAAGGCGA-TAGATCGC.fastq.gz > fastq/dm6/atac/cic6_2to25_atac_1_2.fastq.gz
cic6_2to25_atac_2,dm6,paired,atac,BSgenome.Dmelanogaster.UCSC.dm6,,cic6_2to25_atac_combined,cic6_2to25_atac_combined,1000,,cic6_2to25_atac_2,dme_native_cic6_2to25_atac_2,kb2009,3452,HGHLFAFX3,AGGCAGAA-AGAGTAGA,none,fastq/dm6/atac/cic6_2to25_atac_2_1.fastq.gz,/n/analysis/Zeitlinger/kb2009/MOLNG-3452/HGHLFAFX3/n_*_1_AGGCAGAA-AGAGTAGA.fastq.gz,cat /n/analysis/Zeitlinger/kb2009/MOLNG-3452/HGHLFAFX3/n_*_1_AGGCAGAA-AGAGTAGA.fastq.gz > fastq/dm6/atac/cic6_2to25_atac_2_1.fastq.gz,/n/analysis/Zeitlinger/kb2009/MOLNG-3452/HGHLFAFX3/n_*_2_AGGCAGAA-AGAGTAGA.fastq.gz,cat /n/analysis/Zeitlinger/kb2009/MOLNG-3452/HGHLFAFX3/n_*_2_AGGCAGAA-AGAGTAGA.fastq.gz > fastq/dm6/atac/cic6_2to25_atac_2_2.fastq.gz
cic6_2to25_atac_3,dm6,paired,atac,BSgenome.Dmelanogaster.UCSC.dm6,,cic6_2to25_atac_combined,cic6_2to25_atac_combined,1000,,cic6_2to25_atac_3,dme_native_cic6_2to25_atac_3,kb2009,3452,HGHLFAFX3,TAGGCATG-ACTGCATA,none,fastq/dm6/atac/cic6_2to25_atac_3_1.fastq.gz,/n/analysis/Zeitlinger/kb2009/MOLNG-3452/HGHLFAFX3/n_*_1_TAGGCATG-ACTGCATA.fastq.gz,cat /n/analysis/Zeitlinger/kb2009/MOLNG-3452/HGHLFAFX3/n_*_1_TAGGCATG-ACTGCATA.fastq.gz > fastq/dm6/atac/cic6_2to25_atac_3_1.fastq.gz,/n/analysis/Zeitlinger/kb2009/MOLNG-3452/HGHLFAFX3/n_*_2_TAGGCATG-ACTGCATA.fastq.gz,cat /n/analysis/Zeitlinger/kb2009/MOLNG-3452/HGHLFAFX3/n_*_2_TAGGCATG-ACTGCATA.fastq.gz > fastq/dm6/atac/cic6_2to25_atac_3_2.fastq.gz
cic6_25to3_atac_1,dm6,paired,atac,BSgenome.Dmelanogaster.UCSC.dm6,,cic6_25to3_atac_combined,cic6_25to3_atac_combined,1000,,cic6_25to3_atac_1,dme_native_cic6_25to3_atac_1,kb2009,3453,HGFWVAFX3,CGTACTAG-TATCCTCT,none,fastq/dm6/atac/cic6_25to3_atac_1_1.fastq.gz,/n/analysis/Zeitlinger/kb2009/MOLNG-3453/HGFWVAFX3/n_*_1_CGTACTAG-TATCCTCT.fastq.gz,cat /n/analysis/Zeitlinger/kb2009/MOLNG-3453/HGFWVAFX3/n_*_1_CGTACTAG-TATCCTCT.fastq.gz > fastq/dm6/atac/cic6_25to3_atac_1_1.fastq.gz,/n/analysis/Zeitlinger/kb2009/MOLNG-3453/HGFWVAFX3/n_*_2_CGTACTAG-TATCCTCT.fastq.gz,cat /n/analysis/Zeitlinger/kb2009/MOLNG-3453/HGFWVAFX3/n_*_2_CGTACTAG-TATCCTCT.fastq.gz > fastq/dm6/atac/cic6_25to3_atac_1_2.fastq.gz
cic6_25to3_atac_2,dm6,paired,atac,BSgenome.Dmelanogaster.UCSC.dm6,,cic6_25to3_atac_combined,cic6_25to3_atac_combined,1000,,cic6_25to3_atac_2,dme_native_cic6_25to3_atac_2,kb2009,3453,HGFWVAFX3,GGACTCCT-GTAAGGAG,none,fastq/dm6/atac/cic6_25to3_atac_2_1.fastq.gz,/n/analysis/Zeitlinger/kb2009/MOLNG-3453/HGFWVAFX3/n_*_1_GGACTCCT-GTAAGGAG.fastq.gz,cat /n/analysis/Zeitlinger/kb2009/MOLNG-3453/HGFWVAFX3/n_*_1_GGACTCCT-GTAAGGAG.fastq.gz > fastq/dm6/atac/cic6_25to3_atac_2_1.fastq.gz,/n/analysis/Zeitlinger/kb2009/MOLNG-3453/HGFWVAFX3/n_*_2_GGACTCCT-GTAAGGAG.fastq.gz,cat /n/analysis/Zeitlinger/kb2009/MOLNG-3453/HGFWVAFX3/n_*_2_GGACTCCT-GTAAGGAG.fastq.gz > fastq/dm6/atac/cic6_25to3_atac_2_2.fastq.gz
cic6_25to3_atac_3,dm6,paired,atac,BSgenome.Dmelanogaster.UCSC.dm6,,cic6_25to3_atac_combined,cic6_25to3_atac_combined,1000,,cic6_25to3_atac_3,dme_native_cic6_25to3_atac_3,kb2009,3453,HGFWVAFX3,TAGGCATG-TAGATCGC,none,fastq/dm6/atac/cic6_25to3_atac_3_1.fastq.gz,/n/analysis/Zeitlinger/kb2009/MOLNG-3453/HGFWVAFX3/n_*_1_TAGGCATG-TAGATCGC.fastq.gz,cat /n/analysis/Zeitlinger/kb2009/MOLNG-3453/HGFWVAFX3/n_*_1_TAGGCATG-TAGATCGC.fastq.gz > fastq/dm6/atac/cic6_25to3_atac_3_1.fastq.gz,/n/analysis/Zeitlinger/kb2009/MOLNG-3453/HGFWVAFX3/n_*_2_TAGGCATG-TAGATCGC.fastq.gz,cat /n/analysis/Zeitlinger/kb2009/MOLNG-3453/HGFWVAFX3/n_*_2_TAGGCATG-TAGATCGC.fastq.gz > fastq/dm6/atac/cic6_25to3_atac_3_2.fastq.gz
orer_mbt_100u_mnase_1,dm6,paired,mnase,BSgenome.Dmelanogaster.UCSC.dm6,,orer_mbt_100u_mnase_combined,orer_mbt_100u_mnase_combined,600,,orer_mbt_100u_mnase_1,dme_fixed_orer_mbt_100u_mnase_1,sk2214,3448,HMMN7AFX3,CGATGT,none,fastq/dm6/mnase/orer_mbt_100u_mnase_1_1.fastq.gz,/n/analysis/Zeitlinger/sk2214/MOLNG-3448/HMMN7AFX3/n_*_1_CGATGT.fastq.gz,cat /n/analysis/Zeitlinger/sk2214/MOLNG-3448/HMMN7AFX3/n_*_1_CGATGT.fastq.gz > fastq/dm6/mnase/orer_mbt_100u_mnase_1_1.fastq.gz,/n/analysis/Zeitlinger/sk2214/MOLNG-3448/HMMN7AFX3/n_*_2_CGATGT.fastq.gz,cat /n/analysis/Zeitlinger/sk2214/MOLNG-3448/HMMN7AFX3/n_*_2_CGATGT.fastq.gz > fastq/dm6/mnase/orer_mbt_100u_mnase_1_2.fastq.gz
orer_mbt_100u_mnase_2,dm6,paired,mnase,BSgenome.Dmelanogaster.UCSC.dm6,,orer_mbt_100u_mnase_combined,orer_mbt_100u_mnase_combined,600,,orer_mbt_100u_mnase_2,dme_fixed_orer_mbt_100u_mnase_2,sk2214,3448,HMMN7AFX3,CAGATC,none,fastq/dm6/mnase/orer_mbt_100u_mnase_2_1.fastq.gz,/n/analysis/Zeitlinger/sk2214/MOLNG-3448/HMMN7AFX3/n_*_1_CAGATC.fastq.gz,cat /n/analysis/Zeitlinger/sk2214/MOLNG-3448/HMMN7AFX3/n_*_1_CAGATC.fastq.gz > fastq/dm6/mnase/orer_mbt_100u_mnase_2_1.fastq.gz,/n/analysis/Zeitlinger/sk2214/MOLNG-3448/HMMN7AFX3/n_*_2_CAGATC.fastq.gz,cat /n/analysis/Zeitlinger/sk2214/MOLNG-3448/HMMN7AFX3/n_*_2_CAGATC.fastq.gz > fastq/dm6/mnase/orer_mbt_100u_mnase_2_2.fastq.gz
orer_mbt_100u_mnase_3,dm6,paired,mnase,BSgenome.Dmelanogaster.UCSC.dm6,,orer_mbt_100u_mnase_combined,orer_mbt_100u_mnase_combined,600,,orer_mbt_100u_mnase_3,dme_fixed_orer_mbt_100u_mnase_3,sk2214,3448,HMMN7AFX3,GTGAAA,none,fastq/dm6/mnase/orer_mbt_100u_mnase_3_1.fastq.gz,/n/analysis/Zeitlinger/sk2214/MOLNG-3448/HMMN7AFX3/n_*_1_GTGAAA.fastq.gz,cat /n/analysis/Zeitlinger/sk2214/MOLNG-3448/HMMN7AFX3/n_*_1_GTGAAA.fastq.gz > fastq/dm6/mnase/orer_mbt_100u_mnase_3_1.fastq.gz,/n/analysis/Zeitlinger/sk2214/MOLNG-3448/HMMN7AFX3/n_*_2_GTGAAA.fastq.gz,cat /n/analysis/Zeitlinger/sk2214/MOLNG-3448/HMMN7AFX3/n_*_2_GTGAAA.fastq.gz > fastq/dm6/mnase/orer_mbt_100u_mnase_3_2.fastq.gz
orer_zld_mbt_nexus_1,dm6,single,nexus,BSgenome.Dmelanogaster.UCSC.dm6,,orer_zld_mbt_nexus_combined,orer_zld_mbt_nexus_combined_positive,,,orer_zld_mbt_nexus_1_positive,dme_zld_orer_mbt_nexus_rep1,cst,2796,H2TGHBGXC,AGTCAA,AGTC_CAGT_GTCA_TCAG,fastq/dm6/nexus/orer_zld_mbt_nexus_1_1.fastq.gz,/n/analysis/Zeitlinger/cst/MOLNG-2796/H2TGHBGXC/n_*_1_AGTCAA.fastq.gz,cat /n/analysis/Zeitlinger/cst/MOLNG-2796/H2TGHBGXC/n_*_1_AGTCAA.fastq.gz > fastq/dm6/nexus/orer_zld_mbt_nexus_1_1.fastq.gz,,
orer_zld_mbt_nexus_3,dm6,single,nexus,BSgenome.Dmelanogaster.UCSC.dm6,,orer_zld_mbt_nexus_combined,orer_zld_mbt_nexus_combined_positive,,,orer_zld_mbt_nexus_3_positive,dme_zld_orer_mbt_nexus_3,kb2009,2813,H5JT7BGXC,CGTACG,AGTC_CAGT_GTCA_TCAG,fastq/dm6/nexus/orer_zld_mbt_nexus_3_1.fastq.gz,/n/analysis/Zeitlinger/kb2009/MOLNG-2813/H5JT7BGXC/n_*_1_CGTACG.fastq.gz,cat /n/analysis/Zeitlinger/kb2009/MOLNG-2813/H5JT7BGXC/n_*_1_CGTACG.fastq.gz > fastq/dm6/nexus/orer_zld_mbt_nexus_3_1.fastq.gz,,
orer_zld_mbt_nexus_4,dm6,single,nexus,BSgenome.Dmelanogaster.UCSC.dm6,,orer_zld_mbt_nexus_combined,orer_zld_mbt_nexus_combined_positive,,,orer_zld_mbt_nexus_4_positive,dme_zld_orer_mbt_nexus_4,sk2214,2831,HNKGCBGXC,CAGATC,AGTC_CAGT_GTCA_TCAG,fastq/dm6/nexus/orer_zld_mbt_nexus_4_1.fastq.gz,/n/analysis/Zeitlinger/sk2214/MOLNG-2831/HNKGCBGXC/n_*_1_CAGATC.fastq.gz,cat /n/analysis/Zeitlinger/sk2214/MOLNG-2831/HNKGCBGXC/n_*_1_CAGATC.fastq.gz > fastq/dm6/nexus/orer_zld_mbt_nexus_4_1.fastq.gz,,
orer_bcd_mbt_nexus_1,dm6,single,nexus,BSgenome.Dmelanogaster.UCSC.dm6,,orer_bcd_mbt_nexus_combined,orer_bcd_mbt_nexus_combined_positive,,,orer_bcd_mbt_nexus_1_positive,dme_bcd_orer_mbt_nexus_1,kb2009,2998,HHJH5BGXF,ACTGAT,AGTC_CAGT_GTCA_TCAG,fastq/dm6/nexus/orer_bcd_mbt_nexus_1_1.fastq.gz,/n/analysis/Zeitlinger/kb2009/MOLNG-2998/HHJH5BGXF/n_*_1_ACTGAT.fastq.gz,cat /n/analysis/Zeitlinger/kb2009/MOLNG-2998/HHJH5BGXF/n_*_1_ACTGAT.fastq.gz > fastq/dm6/nexus/orer_bcd_mbt_nexus_1_1.fastq.gz,,
orer_bcd_mbt_nexus_2,dm6,single,nexus,BSgenome.Dmelanogaster.UCSC.dm6,,orer_bcd_mbt_nexus_combined,orer_bcd_mbt_nexus_combined_positive,,,orer_bcd_mbt_nexus_2_positive,dme_bcd_orer_mbt_nexus_2,kb2009,3038,H2JGFBGXH,CGATGT,AGTC_CAGT_GTCA_TCAG,fastq/dm6/nexus/orer_bcd_mbt_nexus_2_1.fastq.gz,/n/analysis/Zeitlinger/kb2009/MOLNG-3038/H2JGFBGXH/n_*_1_CGATGT.fastq.gz,cat /n/analysis/Zeitlinger/kb2009/MOLNG-3038/H2JGFBGXH/n_*_1_CGATGT.fastq.gz > fastq/dm6/nexus/orer_bcd_mbt_nexus_2_1.fastq.gz,,
orer_bcd_mbt_nexus_3,dm6,single,nexus,BSgenome.Dmelanogaster.UCSC.dm6,,orer_bcd_mbt_nexus_combined,orer_bcd_mbt_nexus_combined_positive,,,orer_bcd_mbt_nexus_3_positive,dme_bcd_orer_mbt_nexus_3,kb2009,3061,H5YL2BGXH,ATCACG,AGTC_CAGT_GTCA_TCAG,fastq/dm6/nexus/orer_bcd_mbt_nexus_3_1.fastq.gz,/n/analysis/Zeitlinger/kb2009/MOLNG-3061/H5YL2BGXH/n_*_1_ATCACG.fastq.gz,cat /n/analysis/Zeitlinger/kb2009/MOLNG-3061/H5YL2BGXH/n_*_1_ATCACG.fastq.gz > fastq/dm6/nexus/orer_bcd_mbt_nexus_3_1.fastq.gz,,
orer_cad_mbt_nexus_1,dm6,single,nexus,BSgenome.Dmelanogaster.UCSC.dm6,,orer_cad_mbt_nexus_combined,orer_cad_mbt_nexus_combined_positive,,,orer_cad_mbt_nexus_1_positive,dme_cad_orer_mbt_nexus_1,kb2009,2998,HHJH5BGXF,ATGAGC,AGTC_CAGT_GTCA_TCAG,fastq/dm6/nexus/orer_cad_mbt_nexus_1_1.fastq.gz,/n/analysis/Zeitlinger/kb2009/MOLNG-2998/HHJH5BGXF/n_*_1_ATGAGC.fastq.gz,cat /n/analysis/Zeitlinger/kb2009/MOLNG-2998/HHJH5BGXF/n_*_1_ATGAGC.fastq.gz > fastq/dm6/nexus/orer_cad_mbt_nexus_1_1.fastq.gz,,
orer_cad_mbt_nexus_2,dm6,single,nexus,BSgenome.Dmelanogaster.UCSC.dm6,,orer_cad_mbt_nexus_combined,orer_cad_mbt_nexus_combined_positive,,,orer_cad_mbt_nexus_2_positive,dme_cad_orer_mbt_nexus_2,kb2009,3038,H2JGFBGXH,TTAGGC,AGTC_CAGT_GTCA_TCAG,fastq/dm6/nexus/orer_cad_mbt_nexus_2_1.fastq.gz,/n/analysis/Zeitlinger/kb2009/MOLNG-3038/H2JGFBGXH/n_*_1_TTAGGC.fastq.gz,cat /n/analysis/Zeitlinger/kb2009/MOLNG-3038/H2JGFBGXH/n_*_1_TTAGGC.fastq.gz > fastq/dm6/nexus/orer_cad_mbt_nexus_2_1.fastq.gz,,
orer_cad_mbt_nexus_3,dm6,single,nexus,BSgenome.Dmelanogaster.UCSC.dm6,,orer_cad_mbt_nexus_combined,orer_cad_mbt_nexus_combined_positive,,,orer_cad_mbt_nexus_3_positive,dme_cad_orer_mbt_nexus_3,kb2009,3061,H5YL2BGXH,CAGATC,AGTC_CAGT_GTCA_TCAG,fastq/dm6/nexus/orer_cad_mbt_nexus_3_1.fastq.gz,/n/analysis/Zeitlinger/kb2009/MOLNG-3061/H5YL2BGXH/n_*_1_CAGATC.fastq.gz,cat /n/analysis/Zeitlinger/kb2009/MOLNG-3061/H5YL2BGXH/n_*_1_CAGATC.fastq.gz > fastq/dm6/nexus/orer_cad_mbt_nexus_3_1.fastq.gz,,
orer_dl_mbt_nexus_1,dm6,single,nexus,BSgenome.Dmelanogaster.UCSC.dm6,,orer_dl_mbt_nexus_combined,orer_dl_mbt_nexus_combined_positive,,,orer_dl_mbt_nexus_1_positive,dme_dl_orer_mbt_nexus_1,sk2214,2930,HT7W7BGXC,GCCAAT,AGTC_CAGT_GTCA_TCAG,fastq/dm6/nexus/orer_dl_mbt_nexus_1_1.fastq.gz,/n/analysis/Zeitlinger/sk2214/MOLNG-2930/HT7W7BGXC/n_*_1_GCCAAT.fastq.gz,cat /n/analysis/Zeitlinger/sk2214/MOLNG-2930/HT7W7BGXC/n_*_1_GCCAAT.fastq.gz > fastq/dm6/nexus/orer_dl_mbt_nexus_1_1.fastq.gz,,
orer_dl_mbt_nexus_2,dm6,single,nexus,BSgenome.Dmelanogaster.UCSC.dm6,,orer_dl_mbt_nexus_combined,orer_dl_mbt_nexus_combined_positive,,,orer_dl_mbt_nexus_2_positive,dme_dl_orer_mbt_nexus_2,kb2009,2998,HHJH5BGXF,TAATCG,AGTC_CAGT_GTCA_TCAG,fastq/dm6/nexus/orer_dl_mbt_nexus_2_1.fastq.gz,/n/analysis/Zeitlinger/kb2009/MOLNG-2998/HHJH5BGXF/n_*_1_TAATCG.fastq.gz,cat /n/analysis/Zeitlinger/kb2009/MOLNG-2998/HHJH5BGXF/n_*_1_TAATCG.fastq.gz > fastq/dm6/nexus/orer_dl_mbt_nexus_2_1.fastq.gz,,
orer_dl_mbt_nexus_3,dm6,single,nexus,BSgenome.Dmelanogaster.UCSC.dm6,,orer_dl_mbt_nexus_combined,orer_dl_mbt_nexus_combined_positive,,,orer_dl_mbt_nexus_3_positive,dme_dl_orer_mbt_nexus_3,kb2009,3038,H2JGFBGXH,ACAGTG,AGTC_CAGT_GTCA_TCAG,fastq/dm6/nexus/orer_dl_mbt_nexus_3_1.fastq.gz,/n/analysis/Zeitlinger/kb2009/MOLNG-3038/H2JGFBGXH/n_*_1_ACAGTG.fastq.gz,cat /n/analysis/Zeitlinger/kb2009/MOLNG-3038/H2JGFBGXH/n_*_1_ACAGTG.fastq.gz > fastq/dm6/nexus/orer_dl_mbt_nexus_3_1.fastq.gz,,
orer_twi_mbt_nexus_1,dm6,single,nexus,BSgenome.Dmelanogaster.UCSC.dm6,,orer_twi_mbt_nexus_combined,orer_twi_mbt_nexus_combined_positive,,,orer_twi_mbt_nexus_1_positive,dme_twi_orer_mbt_nexus_1,sk2214,2930,HT7W7BGXC,CAGATC,AGTC_CAGT_GTCA_TCAG,fastq/dm6/nexus/orer_twi_mbt_nexus_1_1.fastq.gz,/n/analysis/Zeitlinger/sk2214/MOLNG-2930/HT7W7BGXC/n_*_1_CAGATC.fastq.gz,cat /n/analysis/Zeitlinger/sk2214/MOLNG-2930/HT7W7BGXC/n_*_1_CAGATC.fastq.gz > fastq/dm6/nexus/orer_twi_mbt_nexus_1_1.fastq.gz,,
orer_twi_mbt_nexus_2,dm6,single,nexus,BSgenome.Dmelanogaster.UCSC.dm6,,orer_twi_mbt_nexus_combined,orer_twi_mbt_nexus_combined_positive,,,orer_twi_mbt_nexus_2_positive,dme_twi_orer_mbt_nexus_2,kb2009,2998,HHJH5BGXF,TCGGCA,AGTC_CAGT_GTCA_TCAG,fastq/dm6/nexus/orer_twi_mbt_nexus_2_1.fastq.gz,/n/analysis/Zeitlinger/kb2009/MOLNG-2998/HHJH5BGXF/n_*_1_TCGGCA.fastq.gz,cat /n/analysis/Zeitlinger/kb2009/MOLNG-2998/HHJH5BGXF/n_*_1_TCGGCA.fastq.gz > fastq/dm6/nexus/orer_twi_mbt_nexus_2_1.fastq.gz,,
orer_twi_mbt_nexus_3,dm6,single,nexus,BSgenome.Dmelanogaster.UCSC.dm6,,orer_twi_mbt_nexus_combined,orer_twi_mbt_nexus_combined_positive,,,orer_twi_mbt_nexus_3_positive,dme_twi_orer_mbt_nexus_3,kb2009,3038,H2JGFBGXH,GCCAAT,AGTC_CAGT_GTCA_TCAG,fastq/dm6/nexus/orer_twi_mbt_nexus_3_1.fastq.gz,/n/analysis/Zeitlinger/kb2009/MOLNG-3038/H2JGFBGXH/n_*_1_GCCAAT.fastq.gz,cat /n/analysis/Zeitlinger/kb2009/MOLNG-3038/H2JGFBGXH/n_*_1_GCCAAT.fastq.gz > fastq/dm6/nexus/orer_twi_mbt_nexus_3_1.fastq.gz,,
orer_gaf_mbt_nexus_1,dm6,single,nexus,BSgenome.Dmelanogaster.UCSC.dm6,,orer_gaf_mbt_nexus_combined,orer_gaf_mbt_nexus_combined_positive,,,orer_gaf_mbt_nexus_1_positive,dme_gaf_mbt_nexus_1,kb2009,3359,HKJHMBGXK,GCCAAT,ACTG_CTGA_GACT_TGAC,fastq/dm6/nexus/orer_gaf_mbt_nexus_1_1.fastq.gz,/n/analysis/Zeitlinger/kb2009/MOLNG-3359/HKJHMBGXK/n_*_1_GCCAAT.fastq.gz,cat /n/analysis/Zeitlinger/kb2009/MOLNG-3359/HKJHMBGXK/n_*_1_GCCAAT.fastq.gz > fastq/dm6/nexus/orer_gaf_mbt_nexus_1_1.fastq.gz,,
orer_gaf_mbt_nexus_3,dm6,single,nexus,BSgenome.Dmelanogaster.UCSC.dm6,,orer_gaf_mbt_nexus_combined,orer_gaf_mbt_nexus_combined_positive,,,orer_gaf_mbt_nexus_3_positive,dme_gaf_orer_mbt_nexus_3,kb2009,3378,H5C3WBGXK,CGATGT,ACTG_CTGA_GACT_TGAC,fastq/dm6/nexus/orer_gaf_mbt_nexus_3_1.fastq.gz,/n/analysis/Zeitlinger/kb2009/MOLNG-3378/H5C3WBGXK/n_*_1_CGATGT.fastq.gz,cat /n/analysis/Zeitlinger/kb2009/MOLNG-3378/H5C3WBGXK/n_*_1_CGATGT.fastq.gz > fastq/dm6/nexus/orer_gaf_mbt_nexus_3_1.fastq.gz,,
orer_gaf_mbt_nexus_4,dm6,single,nexus,BSgenome.Dmelanogaster.UCSC.dm6,,orer_gaf_mbt_nexus_combined,orer_gaf_mbt_nexus_combined_positive,,,orer_gaf_mbt_nexus_4_positive,dme_gaf_orer_mbt_nexus_4,kb2009,3400,HJHWFBGXL,ATCACG,ACTG_CTGA_GACT_TGAC,fastq/dm6/nexus/orer_gaf_mbt_nexus_4_1.fastq.gz,/n/analysis/Zeitlinger/kb2009/MOLNG-3400/HJHWFBGXL/n_*_1_ATCACG.fastq.gz,cat /n/analysis/Zeitlinger/kb2009/MOLNG-3400/HJHWFBGXL/n_*_1_ATCACG.fastq.gz > fastq/dm6/nexus/orer_gaf_mbt_nexus_4_1.fastq.gz,,
orer_h3k27ac_mbt_seq_1,dm6,single,seq,BSgenome.Dmelanogaster.UCSC.dm6,orer_wce_mbt_seq_1,orer_h3k27ac_mbt_seq_combined,orer_h3k27ac_mbt_seq_combined,147,yes,orer_h3k27ac_mbt_seq_1,dme_h3k27ac_orer_mbt_seq_1,kb2009,3304,HKHT5BGXK,AGTTCC,none,fastq/dm6/seq/orer_h3k27ac_mbt_seq_1_1.fastq.gz,/n/analysis/Zeitlinger/kb2009/MOLNG-3304/HKHT5BGXK/n_*_1_AGTTCC.fastq.gz,cat /n/analysis/Zeitlinger/kb2009/MOLNG-3304/HKHT5BGXK/n_*_1_AGTTCC.fastq.gz > fastq/dm6/seq/orer_h3k27ac_mbt_seq_1_1.fastq.gz,,
orer_h3k27ac_mbt_seq_2,dm6,single,seq,BSgenome.Dmelanogaster.UCSC.dm6,orer_wce_mbt_seq_1,orer_h3k27ac_mbt_seq_combined,orer_h3k27ac_mbt_seq_combined,162,yes,orer_h3k27ac_mbt_seq_2,dme_h3k27ac_orer_mbt_seq_2,kb2009,3304,HKHT5BGXK,ACTTGA,none,fastq/dm6/seq/orer_h3k27ac_mbt_seq_2_1.fastq.gz,/n/analysis/Zeitlinger/kb2009/MOLNG-3304/HKHT5BGXK/n_*_1_ACTTGA.fastq.gz,cat /n/analysis/Zeitlinger/kb2009/MOLNG-3304/HKHT5BGXK/n_*_1_ACTTGA.fastq.gz > fastq/dm6/seq/orer_h3k27ac_mbt_seq_2_1.fastq.gz,,
orer_h3k4me1_mbt_seq_1,dm6,single,seq,BSgenome.Dmelanogaster.UCSC.dm6,orer_wce_mbt_seq_1,orer_h3k4me1_mbt_seq_combined,orer_h3k4me1_mbt_seq_combined,141,yes,orer_h3k4me1_mbt_seq_1,dme_h3k4me1_orer_mbt_seq_1,kb2009,3304,HKHT5BGXK,CGATGT,none,fastq/dm6/seq/orer_h3k4me1_mbt_seq_1_1.fastq.gz,/n/analysis/Zeitlinger/kb2009/MOLNG-3304/HKHT5BGXK/n_*_1_CGATGT.fastq.gz,cat /n/analysis/Zeitlinger/kb2009/MOLNG-3304/HKHT5BGXK/n_*_1_CGATGT.fastq.gz > fastq/dm6/seq/orer_h3k4me1_mbt_seq_1_1.fastq.gz,,
orer_h3k4me1_mbt_seq_2,dm6,single,seq,BSgenome.Dmelanogaster.UCSC.dm6,orer_wce_mbt_seq_1,orer_h3k4me1_mbt_seq_combined,orer_h3k4me1_mbt_seq_combined,150,yes,orer_h3k4me1_mbt_seq_2,dme_h3k4me1_orer_mbt_seq_2,kb2009,3304,HKHT5BGXK,GATCAG,none,fastq/dm6/seq/orer_h3k4me1_mbt_seq_2_1.fastq.gz,/n/analysis/Zeitlinger/kb2009/MOLNG-3304/HKHT5BGXK/n_*_1_GATCAG.fastq.gz,cat /n/analysis/Zeitlinger/kb2009/MOLNG-3304/HKHT5BGXK/n_*_1_GATCAG.fastq.gz > fastq/dm6/seq/orer_h3k4me1_mbt_seq_2_1.fastq.gz,,
orer_wce_mbt_seq_1,dm6,single,seq,BSgenome.Dmelanogaster.UCSC.dm6,orer_wce_mbt_seq_1,orer_wce_mbt_seq_combined,orer_wce_mbt_seq_combined,139,,orer_wce_mbt_seq_1,dme_wce_orer_mbt_seq_1,kb2009,3304,HKHT5BGXK,ATCACG,none,fastq/dm6/seq/orer_wce_mbt_seq_1_1.fastq.gz,/n/analysis/Zeitlinger/kb2009/MOLNG-3304/HKHT5BGXK/n_*_1_ATCACG.fastq.gz,cat /n/analysis/Zeitlinger/kb2009/MOLNG-3304/HKHT5BGXK/n_*_1_ATCACG.fastq.gz > fastq/dm6/seq/orer_wce_mbt_seq_1_1.fastq.gz,,